user_username,user_uuid,researcher_uuid
jjelinek,611d3708-dca4-4f8e-9872-efadb4db74e6,861a8d4e-734f-4dbf-8efb-808add7d90eb
nengel,ec96cb2b-0427-4609-a373-957caf0ceb79,df9fa6c0-7dec-499e-969d-4e99caf2397f
hvaidya,6fcb4ad8-78a3-418f-ba39-16074bcc5583,245bee66-f7df-48e6-ab01-9f3db8e7461f
ppark,72ae896e-d2d6-439e-b429-0bc2ab56985c,1aa6a879-7de4-400c-9cee-9b67aff8efa5
spanjarian,53a01d6e-a8ba-43e7-9ecc-17482e353956,096d650a-f7a9-4589-977e-6a750d289b3b
jhuang,0c375ee9-20c2-425c-bc45-e2ff96b6b85b,8ea62a96-59bd-40e2-8c52-4580b023c9a5
zlian,a6d3e85c-77c1-4c30-a306-a8334b898fca,2d98aba8-f1fd-40ed-931f-ff43a0529e9c
pwang,236d0e4f-2f93-4177-bdaf-c53b13e046db,24e6ddb0-bcab-4315-a1db-57b1355db94e
lscheinfeldt,1850fd05-dc4b-46e0-a827-3974e7462e92,065e18e3-498f-4119-a092-fd9c604451f9